?,Number,Ticket Type - Category,Short description,Highest Priority,Valid critical incident,Wrong priority,State,Opened (UTC),Resolved (UTC),Closed (UTC),TTR (in days),TTR (in hours),On Hold Duration (in days),Reopen count,Has breached SLA Resolution,Has breached SLA Response,Resolution code,KB Article,Problem,Problem State,CSAT Rating,Product Taxonomy - Product Stream,Product Taxonomy - Product Group,Product Taxonomy - Product,Product Taxonomy - Business Application Number - Name,Business Application Vendor,AG Hierarchy - AG Parent Stream,AG Hierarchy - AG Stream,AG Hierarchy - Assignment Group,AG is Vendor ?,AG Vendor (based on name),AG Organizational Entity,Zone>Region>Market>Country Hierarchy - Zone,Zone>Region>Market>Country Hierarchy - Region,Zone>Region>Market>Country Hierarchy - Market
https://nestle.service-now.com/nav_to.do?uri=incident.do?sys_id=529b2ca81b5061dcee1ddac8b04bcb83,INC10538753,Incident - Failure,Raise an Incident on the IT Performance Dashboards,P5,,no,Closed,2023.01.06 14:51,2023.01.17 16:00,2023.01.24 17:01,11.0,265,,1,TRUE,TRUE,Solved (Work Around),,,,,Office of the CIO,Performance Management,IT Measures & Reporting,APP-13336 - IT Performance Dashboards,,Office of the CIO,IT Performance Management,PERFORMANCE DASHBOARD,FALSE,,CIO Office,North America,North America,USA
https://nestle.service-now.com/nav_to.do?uri=incident.do?sys_id=d13cb3801b9d2190732d5532604bcb3d,INC11018279,Incident - Request,IT Insights & Values,P5,,no,Closed,2023.02.24 17:29,2023.03.06 16:25,2023.03.13 17:01,10.0,239,1.1,0,FALSE,TRUE,Solved (Permanently),KB0030525,,,,Office of the CIO,Performance Management,IT Measures & Reporting,APP-13336 - IT Performance Dashboards,,Office of the CIO,IT Performance Management,PERFORMANCE DASHBOARD,FALSE,,CIO Office,Europe,Western Europe,France
https://nestle.service-now.com/nav_to.do?uri=incident.do?sys_id=cc33acc61b5461903e88ebd4604bcb5b,INC10578173,Incident - Failure,Raise an Incident on the IT Performance Dashboards,P5,,no,Closed,2023.01.11 06:11,2023.01.18 11:11,2023.01.25 12:03,7.2,173,,0,TRUE,TRUE,Solved (Permanently),,,,,Office of the CIO,Performance Management,IT Measures & Reporting,APP-13336 - IT Performance Dashboards,,Office of the CIO,IT Performance Management,PERFORMANCE DASHBOARD,FALSE,,CIO Office,"Asia, Oceania & Africa",Sub-Continent,South Asia
https://nestle.service-now.com/nav_to.do?uri=incident.do?sys_id=bf017ca51b7c2510af67639ee54bcb6b,INC10802261,Incident - Failure,Raise an Incident on the IT Performance Dashboards,P5,,no,Closed,2023.02.03 14:21,2023.02.10 16:40,2023.02.17 17:01,7.1,170,3.4,0,FALSE,TRUE,Solved (Work Around),,,,,Office of the CIO,Performance Management,IT Measures & Reporting,APP-13336 - IT Performance Dashboards,,Office of the CIO,IT Performance Management,PERFORMANCE DASHBOARD,FALSE,,CIO Office,North America,North America,USA
https://nestle.service-now.com/nav_to.do?uri=incident.do?sys_id=fa3f5ee11b852554ca2321f0604bcbc9,INC10935926,Incident - Failure,Raise an Incident on the IT Performance Dashboards,P5,,no,Closed,2023.02.16 08:41,2023.02.23 09:59,2023.03.02 10:03,7.1,169,,0,TRUE,TRUE,Solved (Permanently),,,,,Office of the CIO,Performance Management,IT Measures & Reporting,APP-13336 - IT Performance Dashboards,,Office of the CIO,IT Performance Management,PERFORMANCE DASHBOARD,FALSE,,CIO Office,Europe,Western Europe,Spain Region
https://nestle.service-now.com/nav_to.do?uri=incident.do?sys_id=edbf8f501b65e110ca2321f0604bcbf9,INC11139414,Incident - Failure,Raise an Incident on the IT Performance Dashboards,P5,,no,Closed,2023.03.09 11:26,2023.03.16 09:11,2023.03.23 10:07,6.9,166,,0,FALSE,TRUE,Solved (Permanently),,,,,Office of the CIO,Performance Management,IT Measures & Reporting,APP-13336 - IT Performance Dashboards,,Office of the CIO,IT Performance Management,PERFORMANCE DASHBOARD,FALSE,,CIO Office,Europe,Western Europe,Switzerland
https://nestle.service-now.com/nav_to.do?uri=incident.do?sys_id=07f2e6f14799e59089843ca2e36d43d1,INC11061760,Incident - Failure,Raise an Incident on the IT Performance Dashboards,P5,,no,Closed,2023.03.01 13:46,2023.03.08 08:22,2023.03.15 09:00,6.8,163,,0,FALSE,FALSE,Auto resolved,,,,10,Office of the CIO,Performance Management,IT Measures & Reporting,APP-13336 - IT Performance Dashboards,,Office of the CIO,IT Performance Management,PERFORMANCE DASHBOARD,FALSE,,CIO Office,North America,North America,USA
https://nestle.service-now.com/nav_to.do?uri=incident.do?sys_id=2a2870ce97016910e026baafe153afdb,INC10949670,Incident - Failure,Raise an Incident on the IT Performance Dashboards,P5,,no,Closed,2023.02.17 14:22,2023.02.24 05:52,2023.03.03 06:00,6.6,160,,0,FALSE,FALSE,Closed/Resolved by Caller,,,,,Office of the CIO,Performance Management,IT Measures & Reporting,APP-13336 - IT Performance Dashboards,,Office of the CIO,IT Performance Management,PERFORMANCE DASHBOARD,FALSE,,CIO Office,Europe,Western Europe,Italy & Malta
https://nestle.service-now.com/nav_to.do?uri=incident.do?sys_id=18d0bf681bed299c3e88ebd4604bcbf6,INC11148458,Incident - Failure,Raise an Incident on the IT Performance Dashboards,P5,,no,Closed,2023.03.10 08:34,2023.03.16 17:34,2023.03.24 05:00,6.4,153,,0,FALSE,TRUE,Solved (Permanently),,,,,Office of the CIO,Performance Management,IT Measures & Reporting,APP-13336 - IT Performance Dashboards,,Office of the CIO,IT Performance Management,PERFORMANCE DASHBOARD,FALSE,,CIO Office,Europe,Western Europe,Spain Region
https://nestle.service-now.com/nav_to.do?uri=incident.do?sys_id=f0c6ff891b01251c3e88ebd4604bcb9e,INC10921178,Incident - Failure,Raise an Incident on the IT Performance Dashboards,P5,,no,Closed,2023.02.15 01:43,2023.02.21 08:26,2023.02.28 09:04,6.3,151,,0,FALSE,TRUE,Solved (Permanently),,,,,Office of the CIO,Performance Management,IT Measures & Reporting,APP-13336 - IT Performance Dashboards,,Office of the CIO,IT Performance Management,PERFORMANCE DASHBOARD,FALSE,,CIO Office,"Asia, Oceania & Africa",Asean,Vietnam
https://nestle.service-now.com/nav_to.do?uri=incident.do?sys_id=c99f125e1b98ed90af67639ee54bcbf1,INC10590208,Incident - Failure,Raise an Incident on the IT Performance Dashboards,P5,,no,Closed,2023.01.12 09:45,2023.01.18 14:18,2023.01.25 15:02,6.2,149,,0,FALSE,FALSE,Solved (Permanently),,,,,Office of the CIO,Performance Management,IT Measures & Reporting,APP-13336 - IT Performance Dashboards,,Office of the CIO,IT Performance Management,PERFORMANCE DASHBOARD,FALSE,,CIO Office,"Asia, Oceania & Africa",Sub-Continent,South Asia
https://nestle.service-now.com/nav_to.do?uri=incident.do?sys_id=bfede7011b3de5509b039863b24bcb54,INC11287667,Incident - Failure,Raise an Incident on the IT Performance Dashboards,P5,,no,Closed,2023.03.24 07:53,2023.03.30 08:28,2023.04.06 09:06,6.0,145,,0,FALSE,TRUE,Solved (Permanently),,,,,Office of the CIO,Performance Management,IT Measures & Reporting,APP-13336 - IT Performance Dashboards,,Office of the CIO,IT Performance Management,PERFORMANCE DASHBOARD,FALSE,,CIO Office,"Asia, Oceania & Africa",Sub-Continent,South Asia
https://nestle.service-now.com/nav_to.do?uri=incident.do?sys_id=660358f487692158d139dce83cbb3555,INC11149723,Incident - Failure,Raise an Incident on the IT Performance Dashboards,P5,,no,Closed,2023.03.10 11:03,2023.03.16 10:42,2023.03.23 11:03,6.0,144,,0,FALSE,TRUE,Solved (Permanently),,,,,Office of the CIO,Performance Management,IT Measures & Reporting,APP-13336 - IT Performance Dashboards,,Office of the CIO,IT Performance Management,PERFORMANCE DASHBOARD,FALSE,,CIO Office,"Asia, Oceania & Africa",Sub-Continent,South Asia
https://nestle.service-now.com/nav_to.do?uri=incident.do?sys_id=1f8b45e3878561106a7733fd3fbb3591,INC10992544,Incident - Failure,Raise an Incident on the IT Performance Dashboards,P5,,no,Closed,2023.02.22 07:58,2023.02.28 07:35,2023.03.07 08:02,6.0,144,,0,FALSE,FALSE,Auto resolved,,,,,Office of the CIO,Performance Management,IT Measures & Reporting,APP-13336 - IT Performance Dashboards,,Office of the CIO,IT Performance Management,PERFORMANCE DASHBOARD,FALSE,,CIO Office,"Asia, Oceania & Africa",Sub-Continent,South Asia
https://nestle.service-now.com/nav_to.do?uri=incident.do?sys_id=df71bbe58746e19039da33b83cbb357b,INC11424708,Incident - Failure,Raise an Incident on the IT Performance Dashboards,P5,,no,Resolved,2023.04.07 08:04,2023.04.13 06:20,,5.9,142,,0,FALSE,FALSE,Solved (Permanently),,,,,Office of the CIO,Performance Management,IT Measures & Reporting,APP-13336 - IT Performance Dashboards,,Office of the CIO,IT Performance Management,PERFORMANCE DASHBOARD,FALSE,,CIO Office,"Asia, Oceania & Africa",Sub-Continent,South Asia
https://nestle.service-now.com/nav_to.do?uri=incident.do?sys_id=a650816c1bbca150af67639ee54bcbd7,INC10767838,Incident - Failure,Raise an Incident on the IT Performance Dashboards,P5,,no,Closed,2023.01.31 13:06,2023.02.06 10:56,2023.02.13 11:02,5.9,142,,0,FALSE,FALSE,Solved (Work Around),,,,,Office of the CIO,Performance Management,IT Measures & Reporting,APP-13336 - IT Performance Dashboards,,Office of the CIO,IT Performance Management,PERFORMANCE DASHBOARD,FALSE,,CIO Office,"Asia, Oceania & Africa",Sub-Continent,South Asia
https://nestle.service-now.com/nav_to.do?uri=incident.do?sys_id=14914bc11b4ee1509b039863b24bcb73,INC11407746,Incident - Failure,Raise an Incident on the IT Performance Dashboards,P5,,no,Resolved,2023.04.05 14:57,2023.04.11 12:16,,5.9,141,,0,FALSE,FALSE,Auto resolved,,,,,Office of the CIO,Performance Management,IT Measures & Reporting,APP-13336 - IT Performance Dashboards,,Office of the CIO,IT Performance Management,PERFORMANCE DASHBOARD,FALSE,,CIO Office,Europe,Western Europe,Spain Region
https://nestle.service-now.com/nav_to.do?uri=incident.do?sys_id=c29709ca1bcd6990e8c10b56464bcb0d,INC10951543,Incident - Failure,Raise an Incident on the IT Performance Dashboards,P5,,no,Closed,2023.02.17 17:27,2023.02.23 14:23,2023.03.02 15:03,5.9,141,0.4,0,FALSE,TRUE,Solved (Permanently),,,,,Office of the CIO,Performance Management,IT Measures & Reporting,APP-13336 - IT Performance Dashboards,,Office of the CIO,IT Performance Management,PERFORMANCE DASHBOARD,FALSE,,CIO Office,Latin America,Latin America,Brazil
https://nestle.service-now.com/nav_to.do?uri=incident.do?sys_id=1ac078eb87c8215c9eefb886cebb358a,INC10509468,Incident - Failure,Appms score card data is showing wrong graph for me,P5,,no,Closed,2023.01.03 12:41,2023.01.09 09:33,2023.01.16 10:00,5.9,141,,0,FALSE,TRUE,Solved (Permanently),,,,,Office of the CIO,Performance Management,IT Measures & Reporting,APP-13336 - IT Performance Dashboards,,Office of the CIO,IT Performance Management,PERFORMANCE DASHBOARD,FALSE,,CIO Office,"Asia, Oceania & Africa",Sub-Continent,South Asia
https://nestle.service-now.com/nav_to.do?uri=incident.do?sys_id=9652adb01b4ae510334ba934604bcb48,INC11395203,Incident - Failure,Raise an Incident on the IT Performance Dashboards,P5,,no,Resolved,2023.04.04 13:24,2023.04.10 06:43,,5.7,137,,0,FALSE,FALSE,Solved (Permanently),,,,,Office of the CIO,Performance Management,IT Measures & Reporting,APP-13336 - IT Performance Dashboards,,Office of the CIO,IT Performance Management,PERFORMANCE DASHBOARD,FALSE,,CIO Office,Europe,Western Europe,Spain Region
https://nestle.service-now.com/nav_to.do?uri=incident.do?sys_id=0d5957ea1b2d61d0bcf8da42b24bcb9e,INC11211400,Incident - Failure,Raise an Incident on the IT Performance Dashboards,P5,,no,Closed,2023.03.16 12:09,2023.03.21 18:38,2023.03.28 19:00,5.3,126,,0,FALSE,TRUE,Misplaced call,,,,,Office of the CIO,Performance Management,IT Measures & Reporting,APP-13336 - IT Performance Dashboards,,Office of the CIO,IT Performance Management,PERFORMANCE DASHBOARD,FALSE,,CIO Office,"Asia, Oceania & Africa",Sub-Continent,South Asia
https://nestle.service-now.com/nav_to.do?uri=incident.do?sys_id=61652db397442d1c019eb717f053af58,INC10518303,Incident - Failure,Raise an Incident on the IT Performance Dashboards,P5,,no,Closed,2023.01.04 11:08,2023.01.09 14:16,2023.01.16 15:01,5.1,123,,0,FALSE,TRUE,Solved (Permanently),,,,,Office of the CIO,Performance Management,IT Measures & Reporting,APP-13336 - IT Performance Dashboards,,Office of the CIO,IT Performance Management,PERFORMANCE DASHBOARD,FALSE,,CIO Office,"Asia, Oceania & Africa",Sub-Continent,South Asia
https://nestle.service-now.com/nav_to.do?uri=incident.do?sys_id=f77e5b471bb9a550148c31e5464bcbad,INC11350802,Incident - Failure,Raise an Incident on the IT Performance Dashboards,P5,,no,Closed,2023.03.30 11:52,2023.04.04 13:39,2023.04.11 14:03,5.1,122,,0,FALSE,FALSE,Solved (Permanently),,,,,Office of the CIO,Performance Management,IT Measures & Reporting,APP-13336 - IT Performance Dashboards,,Office of the CIO,IT Performance Management,PERFORMANCE DASHBOARD,FALSE,,CIO Office,Europe,Western Europe,Switzerland
https://nestle.service-now.com/nav_to.do?uri=incident.do?sys_id=f1fb3a301bb1ad10148c31e5464bcbf0,INC11277221,Incident - Failure,Raise an Incident on the IT Performance Dashboards,P5,,no,Closed,2023.03.23 09:34,2023.03.28 06:11,2023.04.04 07:08,4.9,117,,0,FALSE,FALSE,Solved (Work Around),,,,9,Office of the CIO,Performance Management,IT Measures & Reporting,APP-13336 - IT Performance Dashboards,,Office of the CIO,IT Performance Management,PERFORMANCE DASHBOARD,FALSE,,CIO Office,Europe,Western Europe,Spain Region
https://nestle.service-now.com/nav_to.do?uri=incident.do?sys_id=34f285d587b929d0c136b886cebb35d3,INC11290747,Incident - Failure,Raise an Incident on the IT Performance Dashboards,P5,,no,Closed,2023.03.24 14:00,2023.03.29 10:29,2023.04.05 11:01,4.9,116,,0,FALSE,TRUE,Solved (Permanently),,,,,Office of the CIO,Performance Management,IT Measures & Reporting,APP-13336 - IT Performance Dashboards,,Office of the CIO,IT Performance Management,PERFORMANCE DASHBOARD,FALSE,,CIO Office,Latin America,Latin America,Brazil
https://nestle.service-now.com/nav_to.do?uri=incident.do?sys_id=f450506d1bb4e110af67639ee54bcbd3,INC10800935,Incident - Failure,Raise an Incident on the IT Performance Dashboards,P5,,no,Closed,2023.02.03 12:02,2023.02.08 07:46,2023.02.15 08:07,4.8,116,2.2,0,FALSE,FALSE,Auto resolved,,,,,Office of the CIO,Performance Management,IT Measures & Reporting,APP-13336 - IT Performance Dashboards,,Office of the CIO,IT Performance Management,PERFORMANCE DASHBOARD,FALSE,,CIO Office,North America,North America,USA
https://nestle.service-now.com/nav_to.do?uri=incident.do?sys_id=466a4e3f1bc8e91cbcf8da42b24bcbcb,INC10519893,Incident - Failure,Raise an Incident on the IT Performance Dashboards,P5,,no,Closed,2023.01.04 14:08,2023.01.09 09:42,2023.01.16 10:01,4.8,116,,0,FALSE,TRUE,Closed/Resolved by Caller,,,,,Office of the CIO,Performance Management,IT Measures & Reporting,APP-13336 - IT Performance Dashboards,,Office of the CIO,IT Performance Management,PERFORMANCE DASHBOARD,FALSE,,CIO Office,"Asia, Oceania & Africa",Sub-Continent,South Asia
https://nestle.service-now.com/nav_to.do?uri=incident.do?sys_id=79892fc6471d25d089843ca2e36d4333,INC11073505,Incident - Failure,Raise an Incident on the IT Performance Dashboards,P5,,no,Closed,2023.03.02 13:33,2023.03.07 06:46,2023.03.14 07:01,4.7,113,,0,FALSE,FALSE,Solved (Work Around),,,,,Office of the CIO,Performance Management,IT Measures & Reporting,APP-13336 - IT Performance Dashboards,,Office of the CIO,IT Performance Management,PERFORMANCE DASHBOARD,FALSE,,CIO Office,"Asia, Oceania & Africa",Sub-Continent,South Asia
https://nestle.service-now.com/nav_to.do?uri=incident.do?sys_id=2065e6511b89a1dcc21ea711604bcb63,INC10928268,Incident - Failure,Raise an Incident on the IT Performance Dashboards,P5,,no,Closed,2023.02.15 14:26,2023.02.20 06:20,2023.02.27 07:00,4.7,112,3.7,0,FALSE,TRUE,Solved (Permanently),,,,,Office of the CIO,Performance Management,IT Measures & Reporting,APP-13336 - IT Performance Dashboards,,Office of the CIO,IT Performance Management,PERFORMANCE DASHBOARD,FALSE,,CIO Office,Europe,Western Europe,Switzerland
https://nestle.service-now.com/nav_to.do?uri=incident.do?sys_id=aec45e131be9ed149b039863b24bcb8c,INC11231395,Incident - Request,IT Insights & Values,P5,,no,Closed,2023.03.18 14:51,2023.03.23 03:06,2023.03.30 04:02,4.5,108,2.7,0,FALSE,TRUE,Misplaced call,,,,9,Office of the CIO,Performance Management,IT Measures & Reporting,APP-13336 - IT Performance Dashboards,,Office of the CIO,IT Performance Management,PERFORMANCE DASHBOARD,FALSE,,CIO Office,"Asia, Oceania & Africa",Sub-Continent,South Asia
https://nestle.service-now.com/nav_to.do?uri=incident.do?sys_id=10bcc3dc1b1c65dc277471d4464bcbff,INC10535887,Incident - Failure,Raise an Incident on the IT Performance Dashboards,P5,,no,Closed,2023.01.06 07:55,2023.01.10 14:58,2023.01.17 15:00,4.3,103,,0,FALSE,FALSE,Solved (Permanently),,,,,Office of the CIO,Performance Management,IT Measures & Reporting,APP-13336 - IT Performance Dashboards,,Office of the CIO,IT Performance Management,PERFORMANCE DASHBOARD,FALSE,,CIO Office,"Asia, Oceania & Africa",Sub-Continent,South Asia
https://nestle.service-now.com/nav_to.do?uri=incident.do?sys_id=485666601ba521108ab80e16604bcb2a,INC11146278,Incident - Failure,AOA: INHAR: Issue with CSAT Power BI Report- Reverse KPI Check Box not appearing,P5,,no,Closed,2023.03.10 03:03,2023.03.14 07:39,2023.03.21 08:01,4.2,101,,0,FALSE,FALSE,Solved (Permanently),,,,,Office of the CIO,Performance Management,IT Measures & Reporting,APP-13336 - IT Performance Dashboards,,Office of the CIO,IT Performance Management,PERFORMANCE DASHBOARD,FALSE,,CIO Office,"Asia, Oceania & Africa",Sub-Continent,South Asia
https://nestle.service-now.com/nav_to.do?uri=incident.do?sys_id=8e1deb9b1bf1215030fdfc49cd4bcb23,INC11358986,Incident - Failure,Raise an Incident on the IT Performance Dashboards,P5,,no,Closed,2023.03.31 07:40,2023.04.04 07:52,2023.04.11 08:02,4.0,96,,0,FALSE,FALSE,Solved (Permanently),,,,,Office of the CIO,Performance Management,IT Measures & Reporting,APP-13336 - IT Performance Dashboards,,Office of the CIO,IT Performance Management,PERFORMANCE DASHBOARD,FALSE,,CIO Office,Europe,Western Europe,Switzerland
https://nestle.service-now.com/nav_to.do?uri=incident.do?sys_id=c669b3131bf9e9508d9d8735464bcbfd,INC11359421,Incident - Failure,Raise an Incident on the IT Performance Dashboards,P5,,no,Closed,2023.03.31 08:31,2023.04.04 08:27,2023.04.11 09:04,4.0,96,,0,FALSE,TRUE,Auto resolved,,,,,Office of the CIO,Performance Management,IT Measures & Reporting,APP-13336 - IT Performance Dashboards,,Office of the CIO,IT Performance Management,PERFORMANCE DASHBOARD,FALSE,,CIO Office,"Asia, Oceania & Africa",Sub-Continent,South Asia
https://nestle.service-now.com/nav_to.do?uri=incident.do?sys_id=ae17e2848750ad9c39da33b83cbb351d,INC10528089,Incident - Failure,Raise an Incident on the IT Performance Dashboards,P5,,no,Closed,2023.01.05 10:31,2023.01.09 09:28,2023.01.16 10:03,4.0,95,,0,FALSE,FALSE,Solved (Permanently),,,,,Office of the CIO,Performance Management,IT Measures & Reporting,APP-13336 - IT Performance Dashboards,,Office of the CIO,IT Performance Management,PERFORMANCE DASHBOARD,FALSE,,CIO Office,Europe,Western Europe,Spain Region
https://nestle.service-now.com/nav_to.do?uri=incident.do?sys_id=301b0ed5db1ce91052a72956059619c6,INC10556639,Incident - Request,Power BI Dashboard Reprt is not getting generated for 2023,P5,,no,Closed,2023.01.09 05:41,2023.01.13 03:35,2023.01.20 04:00,3.9,94,0.0,0,FALSE,FALSE,Solved (Permanently),,,,8,Office of the CIO,Performance Management,IT Measures & Reporting,APP-13336 - IT Performance Dashboards,,Office of the CIO,IT Performance Management,PERFORMANCE DASHBOARD,FALSE,,CIO Office,"Asia, Oceania & Africa",Sub-Continent,South Asia
https://nestle.service-now.com/nav_to.do?uri=incident.do?sys_id=04b7b4cf878529104b560e99cebb35c3,INC10977038,Incident - Failure,Raise an Incident on the IT Performance Dashboards,P5,,no,Closed,2023.02.20 16:58,2023.02.24 14:17,2023.03.03 15:00,3.9,93,0.2,0,FALSE,TRUE,Solved (Permanently),,,,,Office of the CIO,Performance Management,IT Measures & Reporting,APP-13336 - IT Performance Dashboards,,Office of the CIO,IT Performance Management,PERFORMANCE DASHBOARD,FALSE,,CIO Office,Latin America,Latin America,Colombia
https://nestle.service-now.com/nav_to.do?uri=incident.do?sys_id=aa36c7931b3021d8c21ea711604bcb33,INC10864936,Incident - Failure,Raise an Incident on the IT Performance Dashboards,P5,,no,Closed,2023.02.09 11:41,2023.02.13 08:57,2023.02.20 09:04,3.9,93,,0,FALSE,FALSE,Solved (Permanently),,,,,Office of the CIO,Performance Management,IT Measures & Reporting,APP-13336 - IT Performance Dashboards,,Office of the CIO,IT Performance Management,PERFORMANCE DASHBOARD,FALSE,,CIO Office,Europe,Western Europe,Spain Region
https://nestle.service-now.com/nav_to.do?uri=incident.do?sys_id=5f8f6cf11bcee19030fdfc49cd4bcb90,INC11426582,Incident - Failure,Raise an Incident on the IT Performance Dashboards,P5,,no,Resolved,2023.04.07 12:15,2023.04.11 05:43,,3.7,89,,0,FALSE,FALSE,Solved (Permanently),,,,,Office of the CIO,Performance Management,IT Measures & Reporting,APP-13336 - IT Performance Dashboards,,Office of the CIO,IT Performance Management,PERFORMANCE DASHBOARD,FALSE,,CIO Office,"Asia, Oceania & Africa",Sub-Continent,South Asia
https://nestle.service-now.com/nav_to.do?uri=incident.do?sys_id=8f0af52bdbdc6d1452a72956059619e5,INC10617740,Incident - Failure,Raise an Incident on the IT Performance Dashboards,P5,,no,Closed,2023.01.16 04:15,2023.01.19 14:54,2023.01.26 15:03,3.4,83,2.9,0,FALSE,FALSE,Solved (Work Around),,,,,Office of the CIO,Performance Management,IT Measures & Reporting,APP-13336 - IT Performance Dashboards,,Analytics Data & Integration,Analytics,LAR_ADI ANALYTICS_T1_TECHM,TRUE,TECHM,"LAR Analytics, Data & Integration",Latin America,Latin America,Mexico
https://nestle.service-now.com/nav_to.do?uri=incident.do?sys_id=e626e72c8761ad18d139dce83cbb3595,INC11148067,Incident - Failure,Raise an Incident on the IT Performance Dashboards,P5,,no,Closed,2023.03.10 07:47,2023.03.13 12:45,2023.03.20 13:05,3.2,77,,0,FALSE,TRUE,Misplaced call,,,,,Office of the CIO,Performance Management,IT Measures & Reporting,APP-13336 - IT Performance Dashboards,,Office of the CIO,IT Performance Management,PERFORMANCE DASHBOARD,FALSE,,CIO Office,Greater China,Greater China,Greater China
https://nestle.service-now.com/nav_to.do?uri=incident.do?sys_id=f47f19fe1b306558c21ea711604bcbfa,INC10844336,Incident - Failure,Raise an Incident on the IT Performance Dashboards,P5,,no,Closed,2023.02.07 15:19,2023.02.10 18:00,2023.02.20 08:08,3.1,75,,0,FALSE,TRUE,Solved (Permanently),,,,10,Office of the CIO,Performance Management,IT Measures & Reporting,APP-13336 - IT Performance Dashboards,,Office of the CIO,IT Performance Management,PERFORMANCE DASHBOARD,FALSE,,CIO Office,Europe,Western Europe,Spain Region
https://nestle.service-now.com/nav_to.do?uri=incident.do?sys_id=738a98e5db91ed1052a7295605961910,INC11046025,Incident - Failure,Raise an Incident on the IT Performance Dashboards,P5,,no,Closed,2023.02.28 09:13,2023.03.03 10:36,2023.03.10 11:01,3.1,73,,0,FALSE,FALSE,Solved (Permanently),,,,,Office of the CIO,Performance Management,IT Measures & Reporting,APP-13336 - IT Performance Dashboards,,Office of the CIO,IT Performance Management,PERFORMANCE DASHBOARD,FALSE,,CIO Office,Europe,Western Europe,Switzerland
https://nestle.service-now.com/nav_to.do?uri=incident.do?sys_id=df3ccfa987caa590c136b886cebb35f8,INC11423560,Incident - Failure,Raise an Incident on the IT Performance Dashboards,P5,,no,Resolved,2023.04.07 04:58,2023.04.10 05:53,,3.0,73,,0,FALSE,FALSE,Solved (Work Around),,,,,Office of the CIO,Performance Management,IT Measures & Reporting,APP-13336 - IT Performance Dashboards,,Office of the CIO,IT Performance Management,PERFORMANCE DASHBOARD,FALSE,,CIO Office,"Asia, Oceania & Africa",Asean,Vietnam
https://nestle.service-now.com/nav_to.do?uri=incident.do?sys_id=3357dfac1b65e59c3e88ebd4604bcb63,INC11147667,Incident - Failure,Raise an Incident on the IT Performance Dashboards,P5,,no,Closed,2023.03.10 06:50,2023.03.13 07:24,2023.03.20 08:01,3.0,73,2.8,0,FALSE,FALSE,Solved (Permanently),,,,,Office of the CIO,Performance Management,IT Measures & Reporting,APP-13336 - IT Performance Dashboards,,Office of the CIO,IT Performance Management,PERFORMANCE DASHBOARD,FALSE,,CIO Office,Europe,Western Europe,Spain Region
https://nestle.service-now.com/nav_to.do?uri=incident.do?sys_id=b237dc5d97312190b053333de053afdd,INC11289127,Incident - Failure,Raise an Incident on the IT Performance Dashboards,P5,,no,Closed,2023.03.24 10:53,2023.03.27 09:13,2023.04.03 10:04,2.9,70,,0,FALSE,FALSE,Solved (Permanently),,,,,Office of the CIO,Performance Management,IT Measures & Reporting,APP-13336 - IT Performance Dashboards,,Office of the CIO,IT Performance Management,PERFORMANCE DASHBOARD,FALSE,,CIO Office,Europe,Western Europe,Spain Region
https://nestle.service-now.com/nav_to.do?uri=incident.do?sys_id=2a2f504edb09ad1052a72956059619f0,INC10948672,Incident - Failure,Raise an Incident on the IT Performance Dashboards,P5,,no,Closed,2023.02.17 12:36,2023.02.20 10:44,2023.02.27 11:00,2.9,70,,0,FALSE,TRUE,Solved (Permanently),,,,9,Office of the CIO,Performance Management,IT Measures & Reporting,APP-13336 - IT Performance Dashboards,,Office of the CIO,IT Performance Management,PERFORMANCE DASHBOARD,FALSE,,CIO Office,"Asia, Oceania & Africa",Sub-Continent,South Asia
https://nestle.service-now.com/nav_to.do?uri=incident.do?sys_id=50e73e9ec398ad9091cbbef1b40131ef,INC10591113,Incident - Failure,Raise an Incident on the IT Performance Dashboards,P5,,no,Closed,2023.01.12 11:32,2023.01.15 09:16,2023.01.22 10:00,2.9,70,0.1,0,FALSE,TRUE,Solved (Work Around),,,,,Office of the CIO,Performance Management,IT Measures & Reporting,APP-13336 - IT Performance Dashboards,,Office of the CIO,IT Performance Management,PERFORMANCE DASHBOARD,FALSE,,CIO Office,Europe,Western Europe,Italy & Malta
https://nestle.service-now.com/nav_to.do?uri=incident.do?sys_id=63d120dc8739251839da33b83cbb3584,INC11253799,Incident - Failure,Raise an Incident on the IT Performance Dashboards,P5,,no,Closed,2023.03.21 09:10,2023.03.24 06:23,2023.03.31 07:01,2.9,69,,0,FALSE,FALSE,Solved (Work Around),,,,,Office of the CIO,Performance Management,IT Measures & Reporting,APP-13336 - IT Performance Dashboards,,Office of the CIO,IT Performance Management,PERFORMANCE DASHBOARD,FALSE,,CIO Office,"Asia, Oceania & Africa",Sub-Continent,South Asia
https://nestle.service-now.com/nav_to.do?uri=incident.do?sys_id=b7fb452d8759e5106a7733fd3fbb35a0,INC11048486,Incident - Failure,Raise an Incident on the IT Performance Dashboards,P5,,no,Closed,2023.02.28 12:47,2023.03.03 08:53,2023.03.10 09:02,2.8,68,,0,FALSE,TRUE,Solved (Work Around),,,,,Office of the CIO,Performance Management,IT Measures & Reporting,APP-13336 - IT Performance Dashboards,,Office of the CIO,IT Performance Management,PERFORMANCE DASHBOARD,FALSE,,CIO Office,Europe,Western Europe,Spain Region
https://nestle.service-now.com/nav_to.do?uri=incident.do?sys_id=5b56c80897b1a1d4a6e2fa5de053af5a,INC11244643,Incident - Failure,Raise an Incident on the IT Performance Dashboards,P5,,no,Closed,2023.03.20 12:26,2023.03.23 08:22,2023.04.03 10:03,2.8,68,,0,FALSE,FALSE,Solved (Permanently),,,,,Office of the CIO,Performance Management,IT Measures & Reporting,APP-13336 - IT Performance Dashboards,,Office of the CIO,IT Performance Management,PERFORMANCE DASHBOARD,FALSE,,CIO Office,"Asia, Oceania & Africa",Sub-Continent,South Asia
https://nestle.service-now.com/nav_to.do?uri=incident.do?sys_id=d6b2d8a91b50ed10ca2321f0604bcb19,INC10561850,Incident - Failure,Raise an Incident on the IT Performance Dashboards,P5,,no,Closed,2023.01.09 15:35,2023.01.12 11:04,2023.01.19 12:03,2.8,67,,0,FALSE,FALSE,Solved (Permanently),,,,,Office of the CIO,Performance Management,IT Measures & Reporting,APP-13336 - IT Performance Dashboards,,Office of the CIO,IT Performance Management,PERFORMANCE DASHBOARD,FALSE,,CIO Office,Europe,Western Europe,Spain Region
https://nestle.service-now.com/nav_to.do?uri=incident.do?sys_id=593079388782a51039da33b83cbb35ec,INC11395862,Incident - Failure,Raise an Incident on the IT Performance Dashboards,P5,,no,Closed,2023.04.04 14:18,2023.04.07 02:17,2023.04.14 03:00,2.5,60,,0,FALSE,TRUE,Solved (Permanently),,,,,Office of the CIO,Performance Management,IT Measures & Reporting,APP-13336 - IT Performance Dashboards,,Office of the CIO,IT Performance Management,PERFORMANCE DASHBOARD,FALSE,,CIO Office,"Asia, Oceania & Africa",Sub-Continent,South Asia
https://nestle.service-now.com/nav_to.do?uri=incident.do?sys_id=fe3cb89187f969506f85cb76cebb35d8,INC11290569,Incident - Failure,Raise an Incident on the IT Performance Dashboards,P5,,no,Closed,2023.03.24 13:40,2023.03.27 01:17,2023.04.03 02:01,2.5,60,,0,FALSE,TRUE,Closed/Resolved by Caller,,,,,Office of the CIO,Performance Management,IT Measures & Reporting,APP-13336 - IT Performance Dashboards,,Office of the CIO,IT Performance Management,PERFORMANCE DASHBOARD,FALSE,,CIO Office,"Asia, Oceania & Africa",Sub-Continent,South Asia
https://nestle.service-now.com/nav_to.do?uri=incident.do?sys_id=a9d1f6a21bbc6d188ab80e16604bcbb8,INC10836623,Incident - Failure,Raise an Incident on the IT Performance Dashboards,P5,,no,Closed,2023.02.07 02:15,2023.02.09 09:06,2023.02.21 10:04,2.3,55,,0,FALSE,FALSE,Solved by Knowledge Article,,,,,Office of the CIO,Performance Management,IT Measures & Reporting,APP-13336 - IT Performance Dashboards,,Office of the CIO,IT Performance Management,PERFORMANCE DASHBOARD,FALSE,,CIO Office,"Asia, Oceania & Africa",Sub-Continent,South Asia
https://nestle.service-now.com/nav_to.do?uri=incident.do?sys_id=fbfc9c2a1bec2d14c21ea711604bcbf0,INC10707024,Incident - Failure,Raise an Incident on the IT Performance Dashboards,P5,,no,Closed,2023.01.25 05:18,2023.01.27 10:56,2023.02.03 11:10,2.2,54,,0,FALSE,FALSE,Solved (Work Around),,,,,Office of the CIO,Performance Management,IT Measures & Reporting,APP-13336 - IT Performance Dashboards,,Office of the CIO,IT Performance Management,PERFORMANCE DASHBOARD,FALSE,,CIO Office,Europe,Western Europe,Italy & Malta
https://nestle.service-now.com/nav_to.do?uri=incident.do?sys_id=bebf8db987dca9503c7287740cbb356e,INC10571797,Incident - Failure,Data Replication issue: ServiceNow > IT Performance dashboard,P5,,no,Closed,2023.01.10 14:38,2023.01.12 16:31,2023.01.19 17:02,2.1,50,0.1,0,FALSE,FALSE,Auto resolved,,,,,Office of the CIO,Performance Management,IT Measures & Reporting,APP-13336 - IT Performance Dashboards,,Office of the CIO,IT Performance Management,PERFORMANCE DASHBOARD,FALSE,,CIO Office,Europe,Western Europe,Switzerland
https://nestle.service-now.com/nav_to.do?uri=incident.do?sys_id=dc0d72f68745e5106a7733fd3fbb3594,INC10972258,Incident - Failure,Raise an Incident on the IT Performance Dashboards,P5,,no,Closed,2023.02.20 08:01,2023.02.22 09:28,2023.03.01 10:03,2.1,49,,0,FALSE,FALSE,Solved (Permanently),,,,10,Office of the CIO,Performance Management,IT Measures & Reporting,APP-13336 - IT Performance Dashboards,,Office of the CIO,IT Performance Management,PERFORMANCE DASHBOARD,FALSE,,CIO Office,Greater China,Greater China,Greater China
https://nestle.service-now.com/nav_to.do?uri=incident.do?sys_id=fa9f78464714ad90ff466f02e26d43ef,INC10579139,Incident - Failure,Raise an Incident on the IT Performance Dashboards,P5,,no,Closed,2023.01.11 08:11,2023.01.13 09:01,2023.01.20 10:05,2.0,49,,0,FALSE,TRUE,Solved (Permanently),,,,,Office of the CIO,Performance Management,IT Measures & Reporting,APP-13336 - IT Performance Dashboards,,Office of the CIO,IT Performance Management,PERFORMANCE DASHBOARD,FALSE,,CIO Office,Europe,Western Europe,Spain Region
https://nestle.service-now.com/nav_to.do?uri=incident.do?sys_id=f5ecfbc69771ed90f9e6f0e0f053afac,INC11315458,Incident - Failure,Raise an Incident on the IT Performance Dashboards,P5,,no,Closed,2023.03.27 11:30,2023.03.29 09:50,2023.04.05 10:05,1.9,46,,0,FALSE,TRUE,Solved (Permanently),,,,,Office of the CIO,Performance Management,IT Measures & Reporting,APP-13336 - IT Performance Dashboards,,Office of the CIO,IT Performance Management,PERFORMANCE DASHBOARD,FALSE,,CIO Office,Europe,Western Europe,Switzerland
https://nestle.service-now.com/nav_to.do?uri=incident.do?sys_id=9a3d15cb1bf42958dcf1eb11b24bcb8a,INC10852469,Incident - Failure,Raise an Incident on the IT Performance Dashboards,P5,,no,Closed,2023.02.08 09:24,2023.02.10 07:43,2023.02.17 08:03,1.9,46,,0,FALSE,TRUE,Auto resolved,,,,,Office of the CIO,Performance Management,IT Measures & Reporting,APP-13336 - IT Performance Dashboards,,Office of the CIO,IT Performance Management,PERFORMANCE DASHBOARD,FALSE,,CIO Office,Europe,Western Europe,Spain Region
https://nestle.service-now.com/nav_to.do?uri=incident.do?sys_id=694ce5061b5425903e88ebd4604bcb74,INC10581345,Incident - Failure,Raise an Incident on the IT Performance Dashboards,P5,,no,Closed,2023.01.11 11:25,2023.01.13 08:58,2023.01.20 09:02,1.9,46,,0,FALSE,FALSE,Solved (Permanently),,,,,Office of the CIO,Performance Management,IT Measures & Reporting,APP-13336 - IT Performance Dashboards,,Office of the CIO,IT Performance Management,PERFORMANCE DASHBOARD,FALSE,,CIO Office,"Asia, Oceania & Africa",Sub-Continent,South Asia
https://nestle.service-now.com/nav_to.do?uri=incident.do?sys_id=ba1b40f187d0e1902d0232a80cbb35ff,INC10568660,Incident - Failure,Raise an Incident on the IT Performance Dashboards,P5,,no,Closed,2023.01.10 09:39,2023.01.12 06:49,2023.01.19 07:01,1.9,45,,0,FALSE,FALSE,Solved (Permanently),,,,,Office of the CIO,Performance Management,IT Measures & Reporting,APP-13336 - IT Performance Dashboards,,Office of the CIO,IT Performance Management,PERFORMANCE DASHBOARD,FALSE,,CIO Office,Europe,Western Europe,Spain Region
https://nestle.service-now.com/nav_to.do?uri=incident.do?sys_id=c86dec501bf52194bcf8da42b24bcbbe,INC11254233,Incident - Failure,Raise an Incident on the IT Performance Dashboards,P5,,no,Closed,2023.03.21 09:53,2023.03.23 05:24,2023.03.30 06:02,1.8,44,0.3,0,FALSE,FALSE,Solved (Permanently),,,,,Office of the CIO,Performance Management,IT Measures & Reporting,APP-13336 - IT Performance Dashboards,,Office of the CIO,IT Performance Management,PERFORMANCE DASHBOARD,FALSE,,CIO Office,Europe,Western Europe,Switzerland
https://nestle.service-now.com/nav_to.do?uri=incident.do?sys_id=aedd0e3f875ded54e909766acebb354a,INC11121630,Incident - Failure,Raise an Incident on the IT Performance Dashboards,P5,,no,Closed,2023.03.07 17:24,2023.03.09 12:54,2023.03.16 13:02,1.8,44,,0,FALSE,TRUE,Solved (Permanently),,,,,Office of the CIO,Performance Management,IT Measures & Reporting,APP-13336 - IT Performance Dashboards,,Office of the CIO,IT Performance Management,PERFORMANCE DASHBOARD,FALSE,,CIO Office,Europe,Western Europe,Spain Region
https://nestle.service-now.com/nav_to.do?uri=incident.do?sys_id=56458286875c65903c7287740cbb352c,INC10582273,Incident - Failure,Data mismatch in RunIT Cockpit Report,P5,,no,Closed,2023.01.11 13:11,2023.01.13 05:14,2023.01.20 06:00,1.7,40,,0,FALSE,FALSE,Solved (Permanently),,,,,Office of the CIO,Performance Management,IT Measures & Reporting,APP-13336 - IT Performance Dashboards,,Office of the CIO,IT Performance Management,PERFORMANCE DASHBOARD,FALSE,,CIO Office,Europe,Western Europe,Switzerland
https://nestle.service-now.com/nav_to.do?uri=incident.do?sys_id=8b38adfe1b8ee5d0bcf8da42b24bcbd7,INC11448087,Incident - Failure,Raise an Incident on the IT Performance Dashboards,P5,,no,Resolved,2023.04.10 19:05,2023.04.12 08:49,,1.6,38,,0,FALSE,TRUE,Auto resolved,,,,,Office of the CIO,Performance Management,IT Measures & Reporting,APP-13336 - IT Performance Dashboards,,Office of the CIO,IT Performance Management,PERFORMANCE DASHBOARD,FALSE,,CIO Office,North America,North America,USA
https://nestle.service-now.com/nav_to.do?uri=incident.do?sys_id=89498c731b55add8af67639ee54bcbdd,INC11115641,Incident - Failure,Raise an Incident on the IT Performance Dashboards,P5,,no,Closed,2023.03.07 08:06,2023.03.08 14:48,2023.03.15 15:01,1.3,31,,1,FALSE,FALSE,Solved (Permanently),,,,,Office of the CIO,Performance Management,IT Measures & Reporting,APP-13336 - IT Performance Dashboards,,Office of the CIO,IT Performance Management,PERFORMANCE DASHBOARD,FALSE,,CIO Office,Europe,Western Europe,Spain Region
https://nestle.service-now.com/nav_to.do?uri=incident.do?sys_id=2b6162ad1b1c69507e2a5205604bcb30,INC10565451,Incident - Failure,Raise an Incident on the IT Performance Dashboards,P5,,no,Closed,2023.01.10 02:00,2023.01.11 06:47,2023.01.18 07:00,1.2,29,,0,FALSE,TRUE,Solved (Permanently),,,,10,Office of the CIO,Performance Management,IT Measures & Reporting,APP-13336 - IT Performance Dashboards,,Office of the CIO,IT Performance Management,PERFORMANCE DASHBOARD,FALSE,,CIO Office,Greater China,Greater China,Greater China
https://nestle.service-now.com/nav_to.do?uri=incident.do?sys_id=2ec330b71b40291cbcf8da42b24bcbff,INC10516587,Incident - Failure,Raise an Incident on the IT Performance Dashboards,P5,,no,Closed,2023.01.04 07:49,2023.01.05 11:37,2023.01.12 12:01,1.2,28,,0,FALSE,FALSE,Solved (Permanently),,,,,Office of the CIO,Performance Management,IT Measures & Reporting,APP-13336 - IT Performance Dashboards,,Office of the CIO,IT Performance Management,PERFORMANCE DASHBOARD,FALSE,,CIO Office,"Asia, Oceania & Africa",Sub-Continent,South Asia
https://nestle.service-now.com/nav_to.do?uri=incident.do?sys_id=be134ad61b1ce990ca2321f0604bcb89,INC10589391,Incident - Failure,Raise an Incident on the IT Performance Dashboards,P5,,no,Closed,2023.01.12 08:09,2023.01.13 11:20,2023.01.20 12:09,1.1,27,0.0,0,FALSE,FALSE,Solved (Work Around),,,,10,Office of the CIO,Performance Management,IT Measures & Reporting,APP-13336 - IT Performance Dashboards,,Office of the CIO,IT Performance Management,PERFORMANCE DASHBOARD,FALSE,,CIO Office,"Asia, Oceania & Africa",Sub-Continent,South Asia
https://nestle.service-now.com/nav_to.do?uri=incident.do?sys_id=e7daf1de97212dd0a6e2fa5de053afec,INC11199466,Incident - Failure,Raise an Incident on the IT Performance Dashboards,P5,,no,Closed,2023.03.15 10:34,2023.03.16 13:34,2023.03.23 14:03,1.1,27,0.2,0,FALSE,TRUE,Solved (Work Around),,,,10,Office of the CIO,Performance Management,IT Measures & Reporting,APP-13336 - IT Performance Dashboards,,Office of the CIO,IT Performance Management,PERFORMANCE DASHBOARD,FALSE,,CIO Office,Europe,Western Europe,Germany
https://nestle.service-now.com/nav_to.do?uri=incident.do?sys_id=9d9f10b6474665d024393247e26d4368,INC11445552,Incident - Failure,Raise an Incident on the IT Performance Dashboards,P5,,no,Resolved,2023.04.10 13:34,2023.04.11 15:57,,1.1,26,,0,FALSE,FALSE,Solved (Permanently),,,,,Office of the CIO,Performance Management,IT Measures & Reporting,APP-13336 - IT Performance Dashboards,,Office of the CIO,IT Performance Management,PERFORMANCE DASHBOARD,FALSE,,CIO Office,"Asia, Oceania & Africa",Sub-Continent,South Asia
https://nestle.service-now.com/nav_to.do?uri=incident.do?sys_id=27c6a16c87f561109eefb886cebb350a,INC11266081,Incident - Failure,Raise an Incident on the IT Performance Dashboards,P5,,no,Closed,2023.03.22 08:46,2023.03.23 10:36,2023.03.30 11:02,1.1,26,,0,FALSE,FALSE,Solved (Permanently),,,,,Office of the CIO,Performance Management,IT Measures & Reporting,APP-13336 - IT Performance Dashboards,,Office of the CIO,IT Performance Management,PERFORMANCE DASHBOARD,FALSE,,CIO Office,Europe,Western Europe,Switzerland
https://nestle.service-now.com/nav_to.do?uri=incident.do?sys_id=ea10b64a1b51a1d0732d5532604bcb8a,INC11071142,Incident - Failure,Raise an Incident on the IT Performance Dashboards,P5,,no,Closed,2023.03.02 09:22,2023.03.03 10:38,2023.03.10 11:03,1.1,25,,0,FALSE,FALSE,Solved (Permanently),,,,,Office of the CIO,Performance Management,IT Measures & Reporting,APP-13336 - IT Performance Dashboards,,Office of the CIO,IT Performance Management,PERFORMANCE DASHBOARD,FALSE,,CIO Office,"Asia, Oceania & Africa",Sub-Continent,South Asia
https://nestle.service-now.com/nav_to.do?uri=incident.do?sys_id=f19cb6391b60e558af67639ee54bcbc5,INC10686803,Incident - Failure,Raise an Incident on the IT Performance Dashboards,P5,,no,Closed,2023.01.23 08:57,2023.01.24 07:42,2023.01.31 08:05,0.9,23,,0,FALSE,FALSE,Solved (Work Around),,,,,Office of the CIO,Performance Management,IT Measures & Reporting,APP-13336 - IT Performance Dashboards,,Office of the CIO,IT Performance Management,PERFORMANCE DASHBOARD,FALSE,,CIO Office,Europe,Western Europe,Spain Region
https://nestle.service-now.com/nav_to.do?uri=incident.do?sys_id=49f953b61b05ad10c21ea711604bcb3d,INC10973458,Incident - Failure,Raise an Incident on the IT Performance Dashboards,P5,,no,Closed,2023.02.20 10:06,2023.02.21 08:18,2023.02.28 09:01,0.9,22,0.7,0,FALSE,FALSE,Solved (Permanently),,,,,Office of the CIO,Performance Management,IT Measures & Reporting,APP-13336 - IT Performance Dashboards,,Office of the CIO,IT Performance Management,PERFORMANCE DASHBOARD,FALSE,,CIO Office,Europe,Western Europe,Switzerland
https://nestle.service-now.com/nav_to.do?uri=incident.do?sys_id=c0a3b99ddb0de1dc52a72956059619e6,INC10925900,Incident - Failure,Raise an Incident on the IT Performance Dashboards,P5,,no,Closed,2023.02.15 10:59,2023.02.16 09:09,2023.02.23 10:04,0.9,22,0.0,0,FALSE,FALSE,Solved (Permanently),,,,,Office of the CIO,Performance Management,IT Measures & Reporting,APP-13336 - IT Performance Dashboards,,Office of the CIO,IT Performance Management,PERFORMANCE DASHBOARD,FALSE,,CIO Office,"Asia, Oceania & Africa",Sub-Continent,South Asia
https://nestle.service-now.com/nav_to.do?uri=incident.do?sys_id=4546084c1b712d9030fdfc49cd4bcbab,INC11244641,Incident - Failure,Raise an Incident on the IT Performance Dashboards,P5,,no,Closed,2023.03.20 12:25,2023.03.21 10:32,2023.04.03 10:02,0.9,22,,0,FALSE,FALSE,Solved (Permanently),,,,,Office of the CIO,Performance Management,IT Measures & Reporting,APP-13336 - IT Performance Dashboards,,Office of the CIO,IT Performance Management,PERFORMANCE DASHBOARD,FALSE,,CIO Office,"Asia, Oceania & Africa",Sub-Continent,Pakistan
https://nestle.service-now.com/nav_to.do?uri=incident.do?sys_id=4d0724601bc625d083b9a934604bcbd8,INC11384412,Incident - Failure,Raise an Incident on the IT Performance Dashboards,P5,,no,Closed,2023.04.03 14:21,2023.04.04 10:39,2023.04.11 11:03,0.8,20,,0,FALSE,FALSE,Solved (Permanently),,,,,Office of the CIO,Performance Management,IT Measures & Reporting,APP-13336 - IT Performance Dashboards,,Office of the CIO,IT Performance Management,PERFORMANCE DASHBOARD,FALSE,,CIO Office,"Asia, Oceania & Africa",Sub-Continent,South Asia
https://nestle.service-now.com/nav_to.do?uri=incident.do?sys_id=d8f07d2297756dd0f9e6f0e0f053af2e,INC11329107,Incident - Failure,Raise an Incident on the IT Performance Dashboards,P5,,no,Closed,2023.03.28 14:34,2023.03.29 10:18,2023.04.05 11:02,0.8,20,,0,FALSE,FALSE,Solved (Permanently),,,,,Office of the CIO,Performance Management,IT Measures & Reporting,APP-13336 - IT Performance Dashboards,,Office of the CIO,IT Performance Management,PERFORMANCE DASHBOARD,FALSE,,CIO Office,Latin America,Latin America,Brazil
https://nestle.service-now.com/nav_to.do?uri=incident.do?sys_id=98c8008887d161504b560e99cebb35e1,INC11008132,Incident - Request,Co-Innovation Funds,P5,,no,Closed,2023.02.23 16:03,2023.02.24 11:25,2023.03.03 12:01,0.8,19,,0,FALSE,TRUE,Solved by Knowledge Article,,,,,Office of the CIO,Performance Management,IT Measures & Reporting,APP-13336 - IT Performance Dashboards,,,,SDLC_APP-13336,FALSE,,,Europe,Western Europe,Spain Region
https://nestle.service-now.com/nav_to.do?uri=incident.do?sys_id=907d79714794e590ff466f02e26d4337,INC10573601,Incident - Failure,Raise an Incident on the IT Performance Dashboards,P5,,no,Closed,2023.01.10 17:59,2023.01.11 11:56,2023.01.18 12:03,0.7,18,,0,FALSE,FALSE,Solved (Permanently),,,,,Office of the CIO,Performance Management,IT Measures & Reporting,APP-13336 - IT Performance Dashboards,,Office of the CIO,IT Performance Management,PERFORMANCE DASHBOARD,FALSE,,CIO Office,Europe,Western Europe,Spain Region
https://nestle.service-now.com/nav_to.do?uri=incident.do?sys_id=48ffdea81bb1a5108d9d8735464bcbe1,INC11268394,Incident - Failure,Raise an Incident on the IT Performance Dashboards,P5,,no,Closed,2023.03.22 12:55,2023.03.23 05:46,2023.03.30 09:03,0.7,17,,0,FALSE,FALSE,Closed/Resolved by Caller,,,,,Office of the CIO,Performance Management,IT Measures & Reporting,APP-13336 - IT Performance Dashboards,,Office of the CIO,IT Performance Management,PERFORMANCE DASHBOARD,FALSE,,CIO Office,Europe,Western Europe,Switzerland
https://nestle.service-now.com/nav_to.do?uri=incident.do?sys_id=c2c13608876165106a7733fd3fbb35ee,INC11130816,Incident - Failure,Raise an Incident on the IT Performance Dashboards,P5,,no,Closed,2023.03.08 14:41,2023.03.09 07:31,2023.03.16 08:03,0.7,17,0.1,0,FALSE,FALSE,Solved (Permanently),,,,,Office of the CIO,Performance Management,IT Measures & Reporting,APP-13336 - IT Performance Dashboards,,Office of the CIO,IT Performance Management,PERFORMANCE DASHBOARD,FALSE,,CIO Office,"Asia, Oceania & Africa",Sub-Continent,South Asia
https://nestle.service-now.com/nav_to.do?uri=incident.do?sys_id=c84cc91c87c225909eefb886cebb35f3,INC11377698,Incident - Failure,The report does not reflect the incidents,P5,,no,Closed,2023.04.02 22:22,2023.04.03 14:04,2023.04.13 23:02,0.7,16,0.0,0,FALSE,TRUE,Solved by Knowledge Article,KB0040602,,,,Office of the CIO,Performance Management,IT Measures & Reporting,APP-13336 - IT Performance Dashboards,,Workforce 360,IT Service Management,PLR_SERVICEDESK,TRUE,OTHER VENDORS,LAR Workforce 360,Latin America,Latin America,Plata Region
https://nestle.service-now.com/nav_to.do?uri=incident.do?sys_id=ba4d6c0d87bda150c04bb9d09bbb35eb,INC11282299,Incident - Failure,Raise an Incident on the IT Performance Dashboards,P5,,no,Closed,2023.03.23 17:49,2023.03.24 08:10,2023.03.31 09:03,0.6,14,,0,FALSE,TRUE,Solved (Work Around),,,,,Office of the CIO,Performance Management,IT Measures & Reporting,APP-13336 - IT Performance Dashboards,,Office of the CIO,IT Performance Management,PERFORMANCE DASHBOARD,FALSE,,CIO Office,Europe,Western Europe,Switzerland
https://nestle.service-now.com/nav_to.do?uri=incident.do?sys_id=12a7b5ed876d6910c04bb9d09bbb35ca,INC11172511,Incident - Failure,Raise an Incident on the IT Performance Dashboards,P5,,no,Closed,2023.03.13 02:21,2023.03.13 16:10,2023.03.20 17:00,0.6,14,0.2,0,FALSE,TRUE,Solved (Permanently),,,,,Office of the CIO,Performance Management,IT Measures & Reporting,APP-13336 - IT Performance Dashboards,,Office of the CIO,IT Performance Management,PERFORMANCE DASHBOARD,FALSE,,CIO Office,"Asia, Oceania & Africa",Oceania and Japan,Oceania
https://nestle.service-now.com/nav_to.do?uri=incident.do?sys_id=59782c5f1b00e11c148c31e5464bcb8f,INC10501509,Incident - Failure,Raise an Incident on the IT Performance Dashboards,P5,,no,Closed,2023.01.02 17:24,2023.01.03 06:25,2023.01.10 07:02,0.5,13,,0,FALSE,FALSE,Solved (Permanently),,,,,Office of the CIO,Performance Management,IT Measures & Reporting,APP-13336 - IT Performance Dashboards,,Office of the CIO,IT Performance Management,PERFORMANCE DASHBOARD,FALSE,,CIO Office,Latin America,Latin America,Brazil
https://nestle.service-now.com/nav_to.do?uri=incident.do?sys_id=3c39537a97026d98b053333de053af68,INC11450899,Incident - Failure,Raise an Incident on the IT Performance Dashboards,P5,,no,Resolved,2023.04.11 03:22,2023.04.11 14:36,,0.5,11,,0,FALSE,FALSE,Solved by Knowledge Article,,,,,Office of the CIO,Performance Management,IT Measures & Reporting,APP-13336 - IT Performance Dashboards,,Office of the CIO,IT Performance Management,PERFORMANCE DASHBOARD,FALSE,,CIO Office,North America,North America,Canada
https://nestle.service-now.com/nav_to.do?uri=incident.do?sys_id=b992b258978aa590b053333de053afb8,INC11379463,Incident - Failure,The ITSM Dashboard - KPI result does not show any results for critical incidents and reopened,P5,,no,Closed,2023.04.03 05:51,2023.04.03 15:13,2023.04.10 16:03,0.4,9,,0,FALSE,FALSE,Auto resolved,,,,10,Office of the CIO,Performance Management,IT Measures & Reporting,APP-13336 - IT Performance Dashboards,,,,SDLC_APP-13336,FALSE,,,Europe,Western Europe,Germany
https://nestle.service-now.com/nav_to.do?uri=incident.do?sys_id=13b87e5897cea590f9e6f0e0f053af4b,INC11379703,Incident - Failure,Raise an Incident on the IT Performance Dashboards,P5,,no,Closed,2023.04.03 06:20,2023.04.03 15:12,2023.04.10 16:00,0.4,9,,0,FALSE,FALSE,Auto resolved,,,,10,Office of the CIO,Performance Management,IT Measures & Reporting,APP-13336 - IT Performance Dashboards,,Office of the CIO,IT Performance Management,PERFORMANCE DASHBOARD,FALSE,,CIO Office,"Asia, Oceania & Africa",Sub-Continent,South Asia
https://nestle.service-now.com/nav_to.do?uri=incident.do?sys_id=f7a2c8714790e19089843ca2e36d43f5,INC10568372,Incident - Failure,Raise an Incident on the IT Performance Dashboards,P5,,no,Closed,2023.01.10 09:09,2023.01.10 17:13,2023.01.17 18:03,0.3,8,,0,FALSE,FALSE,Solved (Permanently),,,,,Office of the CIO,Performance Management,IT Measures & Reporting,APP-13336 - IT Performance Dashboards,,Office of the CIO,IT Performance Management,PERFORMANCE DASHBOARD,FALSE,,CIO Office,Europe,Western Europe,Spain Region
https://nestle.service-now.com/nav_to.do?uri=incident.do?sys_id=f1531f2b1b3cadd0732d5532604bcb39,INC10873426,Incident - Failure,IT Measures & Reporting,P5,,no,Closed,2023.02.10 07:19,2023.02.10 13:58,2023.02.17 14:02,0.3,7,,0,FALSE,FALSE,Solved (Permanently),,,,,Office of the CIO,Performance Management,IT Measures & Reporting,APP-13336 - IT Performance Dashboards,,,,SDLC_APP-13336,FALSE,,,Europe,Western Europe,Germany
https://nestle.service-now.com/nav_to.do?uri=incident.do?sys_id=59b258861bed295083b9a934604bcb5d,INC11187286,Incident - Failure,Raise an Incident on the IT Performance Dashboards,P5,,no,Closed,2023.03.14 08:11,2023.03.14 14:40,2023.03.21 15:01,0.3,6,,0,FALSE,FALSE,Solved (Permanently),,,,9,Office of the CIO,Performance Management,IT Measures & Reporting,APP-13336 - IT Performance Dashboards,,Office of the CIO,IT Performance Management,PERFORMANCE DASHBOARD,FALSE,,CIO Office,Europe,Western Europe,Spain Region
https://nestle.service-now.com/nav_to.do?uri=incident.do?sys_id=a1aa93d8974a21d0a6e2fa5de053af7a,INC11381094,Incident - Failure,Raise an Incident on the IT Performance Dashboards,P5,,no,Closed,2023.04.03 08:51,2023.04.03 15:12,2023.04.10 16:02,0.3,6,,0,FALSE,FALSE,Auto resolved,,,,,Office of the CIO,Performance Management,IT Measures & Reporting,APP-13336 - IT Performance Dashboards,,Office of the CIO,IT Performance Management,PERFORMANCE DASHBOARD,FALSE,,CIO Office,"Asia, Oceania & Africa",Sub-Continent,South Asia
https://nestle.service-now.com/nav_to.do?uri=incident.do?sys_id=4da269531b46edd0fb27ea83b24bcbe9,INC11463458,Incident - Failure,Raise an Incident on the IT Performance Dashboards,P5,,no,Resolved,2023.04.12 07:51,2023.04.12 14:11,,0.3,6,,0,FALSE,FALSE,Auto resolved,,,,,Office of the CIO,Performance Management,IT Measures & Reporting,APP-13336 - IT Performance Dashboards,,Office of the CIO,IT Performance Management,PERFORMANCE DASHBOARD,FALSE,,CIO Office,"Asia, Oceania & Africa",Sub-Continent,South Asia
https://nestle.service-now.com/nav_to.do?uri=incident.do?sys_id=f1e0fcdf1b426d548d9d8735464bcba2,INC11461789,Incident - Failure,Inconsistency in CSAT Report of ITSM Dashboard,P5,,no,Resolved,2023.04.12 04:04,2023.04.12 08:47,,0.2,5,,0,FALSE,FALSE,Solved (Permanently),,,,,Office of the CIO,Performance Management,IT Measures & Reporting,APP-13336 - IT Performance Dashboards,,Office of the CIO,IT Performance Management,PERFORMANCE DASHBOARD,FALSE,,CIO Office,"Asia, Oceania & Africa",Sub-Continent,South Asia
https://nestle.service-now.com/nav_to.do?uri=incident.do?sys_id=1e3d6ab71b85a150732d5532604bcbbc,INC11004515,Incident - Failure,ITMS-Dashboard for SLO Adherence - SCTasks not updated for 2023,P5,,no,Closed,2023.02.23 09:25,2023.02.23 14:06,2023.03.02 15:00,0.2,5,,0,FALSE,FALSE,Solved by Knowledge Article,,,,10,Office of the CIO,Performance Management,IT Measures & Reporting,APP-13336 - IT Performance Dashboards,,Office of the CIO,IT Performance Management,PERFORMANCE DASHBOARD,FALSE,,CIO Office,"Asia, Oceania & Africa",Sub-Continent,South Asia
https://nestle.service-now.com/nav_to.do?uri=incident.do?sys_id=982334cd1b4aad10334ba934604bcb73,INC11402678,Incident - Failure,Raise an Incident on the IT Performance Dashboards,P5,,no,Closed,2023.04.05 04:33,2023.04.05 08:36,2023.04.12 09:03,0.2,4,,0,FALSE,FALSE,Solved (Permanently),,,,,Office of the CIO,Performance Management,IT Measures & Reporting,APP-13336 - IT Performance Dashboards,,Office of the CIO,IT Performance Management,PERFORMANCE DASHBOARD,FALSE,,CIO Office,"Asia, Oceania & Africa",Sub-Continent,Pakistan
https://nestle.service-now.com/nav_to.do?uri=incident.do?sys_id=e9b0a74187f4ad14e909766acebb3537,INC10790973,Incident - Failure,Raise an Incident on the IT Performance Dashboards,P5,,no,Closed,2023.02.02 13:50,2023.02.02 17:47,2023.02.09 18:03,0.2,4,,0,FALSE,FALSE,Solved (Permanently),,,,5,Office of the CIO,Performance Management,IT Measures & Reporting,APP-13336 - IT Performance Dashboards,,Office of the CIO,IT Performance Management,PERFORMANCE DASHBOARD,FALSE,,CIO Office,Europe,Western Europe,Spain Region
https://nestle.service-now.com/nav_to.do?uri=incident.do?sys_id=756463898715ed50d139dce83cbb35da,INC11035625,Incident - Failure,Raise an Incident on the IT Performance Dashboards,P5,,no,Closed,2023.02.27 10:43,2023.02.27 14:32,2023.03.07 11:01,0.2,4,,0,FALSE,FALSE,Misplaced call,,,,,Office of the CIO,Performance Management,IT Measures & Reporting,APP-13336 - IT Performance Dashboards,,Office of the CIO,IT Performance Management,PERFORMANCE DASHBOARD,FALSE,,CIO Office,"Asia, Oceania & Africa",Sub-Continent,South Asia
https://nestle.service-now.com/nav_to.do?uri=incident.do?sys_id=404ba0891b06ad10334ba934604bcb3c,INC11402309,Incident - Failure,Raise an Incident on the IT Performance Dashboards,P5,,no,Closed,2023.04.05 04:00,2023.04.05 07:38,2023.04.12 11:01,0.2,4,,0,FALSE,FALSE,Misplaced call,,,,,Office of the CIO,Performance Management,IT Measures & Reporting,APP-13336 - IT Performance Dashboards,,Office of the CIO,IT Performance Management,PERFORMANCE DASHBOARD,FALSE,,CIO Office,"Asia, Oceania & Africa",Sub-Continent,South Asia
https://nestle.service-now.com/nav_to.do?uri=incident.do?sys_id=b9d6f9711b59add03e88ebd4604bcb01,INC11060166,Incident - Failure,Raise an Incident on the IT Performance Dashboards,P5,,no,Closed,2023.03.01 11:15,2023.03.01 14:26,2023.03.08 15:03,0.1,3,,0,FALSE,FALSE,Solved by Knowledge Article,,,,,Office of the CIO,Performance Management,IT Measures & Reporting,APP-13336 - IT Performance Dashboards,,Office of the CIO,IT Performance Management,PERFORMANCE DASHBOARD,FALSE,,CIO Office,"Asia, Oceania & Africa",Sub-Continent,South Asia
https://nestle.service-now.com/nav_to.do?uri=incident.do?sys_id=fc8f2ff287a5e590c136b886cebb35ec,INC11219484,Incident - Failure,Raise an Incident on the IT Performance Dashboards,P5,,no,Closed,2023.03.17 08:13,2023.03.17 11:04,2023.03.24 12:04,0.1,3,,0,FALSE,FALSE,Solved (Work Around),,,,,Office of the CIO,Performance Management,IT Measures & Reporting,APP-13336 - IT Performance Dashboards,,Office of the CIO,IT Performance Management,PERFORMANCE DASHBOARD,FALSE,,CIO Office,Europe,Western Europe,Switzerland
https://nestle.service-now.com/nav_to.do?uri=incident.do?sys_id=1f77cd241b7d2110148c31e5464bcba8,INC11264936,Incident - Failure,Raise an Incident on the IT Performance Dashboards,P5,,no,Closed,2023.03.22 06:28,2023.03.22 08:56,2023.03.29 09:03,0.1,2,,0,FALSE,FALSE,Solved (Permanently),,,,9,Office of the CIO,Performance Management,IT Measures & Reporting,APP-13336 - IT Performance Dashboards,,Office of the CIO,IT Performance Management,PERFORMANCE DASHBOARD,FALSE,,CIO Office,"Asia, Oceania & Africa",Asean,Vietnam
https://nestle.service-now.com/nav_to.do?uri=incident.do?sys_id=c0ed0e9c476d65d489843ca2e36d4301,INC11136918,Incident - Failure,Raise an Incident on the IT Performance Dashboards,P5,,no,Closed,2023.03.09 06:40,2023.03.09 08:55,2023.03.16 09:03,0.1,2,,0,FALSE,FALSE,Solved (Permanently),,,,,Office of the CIO,Performance Management,IT Measures & Reporting,APP-13336 - IT Performance Dashboards,,Office of the CIO,IT Performance Management,PERFORMANCE DASHBOARD,FALSE,,CIO Office,"Asia, Oceania & Africa",Sub-Continent,South Asia
https://nestle.service-now.com/nav_to.do?uri=incident.do?sys_id=38a5e2f087f12d10c04bb9d09bbb3597,INC11276254,Incident - Failure,Raise an Incident on the IT Performance Dashboards,P5,,no,Closed,2023.03.23 07:55,2023.03.23 10:01,2023.03.30 11:03,0.1,2,,0,FALSE,FALSE,Solved (Work Around),,,,,Office of the CIO,Performance Management,IT Measures & Reporting,APP-13336 - IT Performance Dashboards,,Office of the CIO,IT Performance Management,PERFORMANCE DASHBOARD,FALSE,,CIO Office,Europe,Western Europe,Switzerland
https://nestle.service-now.com/nav_to.do?uri=incident.do?sys_id=3677be9947dce15089843ca2e36d43ad,INC10558190,Incident - Request,IT Performance report has picked up an incorrect label in reporting,P5,,no,Closed,2023.01.09 08:55,2023.01.09 10:48,2023.01.16 11:01,0.1,2,,0,FALSE,FALSE,Solved (Permanently),,,,,Office of the CIO,Performance Management,IT Measures & Reporting,APP-13336 - IT Performance Dashboards,,Office of the CIO,IT Performance Management,PERFORMANCE DASHBOARD,FALSE,,CIO Office,Europe,Western Europe,Spain Region
https://nestle.service-now.com/nav_to.do?uri=incident.do?sys_id=fb4092019702e150f9e6f0e0f053af0c,INC11405764,Incident - Failure,Raise an Incident on the IT Performance Dashboards,P5,,no,Closed,2023.04.05 11:17,2023.04.05 13:09,2023.04.12 14:02,0.1,2,,0,FALSE,FALSE,Solved (Permanently),,,,,Office of the CIO,Performance Management,IT Measures & Reporting,APP-13336 - IT Performance Dashboards,,Office of the CIO,IT Performance Management,PERFORMANCE DASHBOARD,FALSE,,CIO Office,"Asia, Oceania & Africa",Sub-Continent,South Asia
https://nestle.service-now.com/nav_to.do?uri=incident.do?sys_id=0ceaa5f497ca6510a6e2fa5de053af27,INC11395567,Incident - Failure,Raise an Incident on the IT Performance Dashboards,P5,,no,Closed,2023.04.04 13:54,2023.04.04 15:04,2023.04.11 16:00,0.0,1,,0,FALSE,FALSE,Auto resolved,,,,,Office of the CIO,Performance Management,IT Measures & Reporting,APP-13336 - IT Performance Dashboards,,Office of the CIO,IT Performance Management,PERFORMANCE DASHBOARD,FALSE,,CIO Office,"Asia, Oceania & Africa",Sub-Continent,South Asia
https://nestle.service-now.com/nav_to.do?uri=incident.do?sys_id=f147d1b887ca251039da33b83cbb35c2,INC11394627,Incident - Failure,Raise an Incident on the IT Performance Dashboards,P5,,no,Closed,2023.04.04 12:30,2023.04.04 13:02,2023.04.11 14:03,0.0,1,,0,FALSE,FALSE,Solved by Knowledge Article,,,,,Office of the CIO,Performance Management,IT Measures & Reporting,APP-13336 - IT Performance Dashboards,,Office of the CIO,IT Performance Management,PERFORMANCE DASHBOARD,FALSE,,CIO Office,North America,North America,USA
https://nestle.service-now.com/nav_to.do?uri=incident.do?sys_id=473aeaaf1b4ea554bcf8da42b24bcb10,INC11473837,Incident - Failure,Raise an Incident on the IT Performance Dashboards,P5,,no,In progress,2023.04.13 07:42,,,,,,0,FALSE,FALSE,,,,,,Office of the CIO,Performance Management,IT Measures & Reporting,APP-13336 - IT Performance Dashboards,,Office of the CIO,IT Performance Management,PERFORMANCE DASHBOARD,FALSE,,CIO Office,Europe,Eastern Europe,Central & Eastern Europe (CEE)
,,,,,,,,,,,,,,,,,,,,,,,,,,,,,,,,,,,
"Applied filters:
TTR Threshold (days) is 2
Select Period 1 is 2023 YTD
Ticket Type - Category is Incident - Failure, Incident - Misplaced Call, Incident - Request, or Incident - Feedback
Date Reference is Opened Date
On Hold Duration Threshold (days) is 0
Select Period 2 is 2022 Full Year
On Hold Duration Threshold (hours) is 3.0
Ticket Dynamic Parameter is VENDOR (from AG name)
TTR Threshold (hours) is 0.0
Unit is #Tickets
KPI is Volume of Tickets
SLA Type is Resolution
Business Application is APP-13336 - IT Performance Dashboards
Environment (from Service Offering) is empty or is Production
Is Child Ticket ? is not yes",,,,,,,,,,,,,,,,,,,,,,,,,,,,,,,,,,,
